organization_name,organization_type,city,state,expertise,facilities,civic_domains,source,source_url,verification_status,notes
Tata Consultancy Services (TCS),IT / Smart City Technology,Mumbai,Maharashtra,Smart city platforms; IoT; AI/ML analytics; GIS; smart water; smart waste; smart energy; transportation; command and control centers,IoT platforms; analytics platforms; command and control solutions; GIS/data integration; smart utility solutions,Water Management; Waste Management; Energy; Traffic & Mobility; Environment; E-Governance; Urban Infrastructure,Official TCS Smart City / Intelligent Urban Exchange pages,https://www.tcs.com/what-we-do/services/iot-digital-engineering/solution/tcs-smart-city-services,Verified - official source,Published smart-city capabilities; not a promise of current availability for a specific Nagrik Nova project.
Tech Mahindra,IT / Smart City Technology,Pune,Maharashtra,Smart water; smart sewerage; smart traffic; smart parking; smart environment; IoT; ICT infrastructure; command and control centers,City network; data center; disaster recovery center; integrated command and control; real-time data management,Water Management; Sewerage; Traffic & Mobility; Environment; Public Safety; Urban Infrastructure; Disaster Management,Official Tech Mahindra smart-city project announcement,https://www.techmahindra.com/insights/news/tech-mahindra-bags-inr-500-crore-smart-city-project-pimpri-chinchwad-municipal-corporation/,Verified - official source,Official source documents smart-city capabilities including a PCMC project.
Wipro,IT / IoT / Smart City Technology,Bengaluru,Karnataka,IoT; 5G; edge AI; smart waste; traffic analytics; utility management; smart lighting; digital twins; smart buildings,Enterprise IoT platform; data acquisition and analytics; visualization; device/software integration; digital twin capabilities,Waste Management; Water & Utilities; Traffic & Mobility; Energy; Environment; Public Safety; Urban Infrastructure,Official Wipro Smart City and Smart i-Connect pages,https://www.wipro.com/infrastructure/smart-city/,Verified - official source,"Published smart-city solutions covering utilities, waste, traffic, lighting and analytics."
Honeywell,Industrial Technology / Smart City,Gurugram,Haryana,IoT sensors; predictive analytics; smart city command platforms; urban mobility; waste management; water and utilities monitoring; security,City-scale command and control platform; GIS-based incident management; analytics; IoT infrastructure,Water & Utilities; Waste Management; Traffic & Mobility; Public Safety; Emergency Response; Energy; Urban Infrastructure,Official Honeywell Smart Cities pages,https://www.honeywell.com/us/en/industries/buildings/smart-cities,Verified - official source,Published integrated smart-city technologies and city-scale IoT/command capabilities.
Siemens Limited,Industrial Technology / Smart Infrastructure,Mumbai,Maharashtra,Smart infrastructure; IoT; building automation; grid control; energy management; air-quality monitoring; mobility; digital twins,Smart infrastructure systems; sensors and IoT; building automation; grid automation; digital platforms,Energy; Buildings; Air Quality; Traffic & Mobility; Urban Infrastructure; Climate Resilience,Official Siemens Smart Infrastructure and India smart-city pages,https://press.siemens.com/in/en/pressrelease/digitalization-key-making-indian-cities-globally-competitive-says-siemens-ag-report,Verified - official source,"Published capabilities around integrated smart infrastructure, air quality and urban digitalization."
Schneider Electric,Industrial Technology / Energy & Water,Gurugram,Haryana,Water/wastewater automation; SCADA; IoT; digital twins; energy management; leak detection; smart grids; asset monitoring,EcoStruxure platform; SCADA; automation and control; connected products; analytics; digital twin/simulation,Water Management; Wastewater; Energy; Smart Grids; Urban Infrastructure; Flood Risk; Environmental Management,Official Schneider Electric Water & Wastewater page,https://www.se.com/in/en/work/solutions/water/,Verified - official source,"Published water/wastewater, telemetry, digital-twin, monitoring and automation capabilities."
ABB,Industrial Technology / Automation,Bengaluru,Karnataka,Smart water; flow measurement; automation; instrumentation; energy optimization; water networks; wastewater; digital monitoring,Smart water ecosystem; flowmeters; analytics; automation and control; digital platforms,Water Management; Wastewater; Energy; Infrastructure Monitoring; Environmental Management,Official ABB smart-water pages,https://new.abb.com/about/our-businesses/electrification/infrastructure/water,Verified - official source,"Published smart-water, monitoring, measurement and optimization capabilities."
Hitachi Energy,Energy / Grid Technology,Bengaluru,Karnataka,Smart grids; substation automation; SCADA; grid monitoring; power quality; renewable integration; utility communications,Digital substations; RTUs; SCADA; automation and protection; utility communication networks,Energy; Smart Grids; Critical Infrastructure; Emergency Power; Urban Utilities; Renewable Energy,Official Hitachi Energy India smart-grid pages,https://www.hitachienergy.com/in/en/products-and-solutions/substations/smart-grid-and-urban-substations,Verified - official source,"Published smart-grid, urban-substation and remote monitoring capabilities."
VA TECH WABAG,Water Technology / EPC,Chennai,Tamil Nadu,Drinking water treatment; wastewater treatment; desalination; water recycling; industrial effluent; zero liquid discharge; sludge treatment,Water treatment plants; wastewater treatment; desalination; recycling and reuse systems; R&D capabilities; digital monitoring,Water Management; Wastewater; Sanitation; Water Security; Circular Economy; Environmental Management,Official WABAG annual report and technology pages,https://annualreport.wabag.in/corporate-overview/about-us,Verified - official source,Published end-to-end water technology and digital/AI optimization initiatives.
Thermax Limited,Environmental Technology / Water & Waste,Pune,Maharashtra,Water treatment; sewage treatment; effluent recycling; zero liquid discharge; desalination; solid waste management; air pollution control,Water and wastewater treatment plants; waste-management systems; automation; plant audits; O&M capabilities,Water Management; Wastewater; Waste Management; Air Quality; Environmental Management; Circular Economy,Official Thermax company and sustainability pages,https://www.thermaxglobal.com/company-overview,Verified - official source,"Thermax publishes water, waste, air-pollution and environmental technology capabilities."
Tata Projects,Infrastructure / EPC,Mumbai,Maharashtra,Municipal water; sewage systems; wastewater treatment; river rejuvenation; desalination; roads; bridges; metro; smart infrastructure,Water treatment plants; sewage treatment plants; project monitoring; EPC engineering; infrastructure construction,Water Management; Sewerage; Roads; Bridges; Urban Infrastructure; Mobility; Waste Management,Official Tata Projects water page,https://tataprojects.com/sectors/water,Verified - official source,"Published municipal water, sewerage, treatment and major urban infrastructure capabilities."
Larsen & Toubro (L&T),Infrastructure / EPC / Smart Infrastructure,Mumbai,Maharashtra,Water infrastructure; sewage; effluent treatment; desalination; smart city systems; traffic management; smart grids; roads and bridges,Water treatment plants; sewage networks; smart-city infrastructure; traffic systems; electrical and automation systems,Water Management; Sewerage; Roads; Bridges; Traffic & Mobility; Smart Grids; Urban Infrastructure,Official L&T infrastructure report,https://investors.larsentoubro.com/pdf/2024/Integrated%20Report.pdf,Verified - official source,"Published water, sanitation, smart-city and infrastructure capabilities."
Welspun Enterprises,Infrastructure / Water,Mumbai,Maharashtra,Large-scale water treatment; EPC/DBO; civil infrastructure; mechanical and electrical systems; water operations,Water treatment plants; pumping stations; integrated civil/mechanical/electrical/instrumentation capabilities; long-term O&M,Water Management; Water Treatment; Urban Infrastructure; Public Utilities,Official Welspun Enterprises project page,https://www.welspunenterprises.com/water-details.php?seo_url=11,Verified - official source,Published project information documents integrated water-treatment execution capabilities.
Antony Waste Handling Cell,Waste Management,Thane,Maharashtra,Municipal solid waste collection; waste processing; waste-to-energy; mechanical sweeping; resource recovery; landfill management,Specialized waste vehicles; waste processing plants; waste-to-energy facilities; collection and transportation systems,Waste Management; Cleanliness; Circular Economy; Waste-to-Energy; Environmental Management,Official Antony Waste website,https://www.antony-waste.com/,Verified - official source,"Published municipal solid-waste collection, processing, waste-to-energy and project capabilities."
NEPRA,Waste Management / Circular Economy / Sustainability,Ahmedabad,Gujarat,Waste management; recycling; circular economy; material recovery; C&D processing; plastic recycling; EPR; sustainability technology,Material recovery facilities; recycling infrastructure; EPR Connect; waste-management EPC/system integration; sorting technology,Waste Management; Recycling; Circular Economy; Plastic Waste; E-Waste; Sustainability,Official NEPRA website,https://www.nepra.co.in/,Verified - official source,"Published waste-management, recycling, circular-economy and technology capabilities."
Recykal,Waste-Tech / Circular Economy,Hyderabad,Telangana,Digital waste ecosystem; waste traceability; recycling marketplace; AI-enabled sorting; digital DRS; EPR technology,Digital waste marketplace; traceability systems; QR-based digital DRS; AI-powered material detection/sorting,Waste Management; Recycling; Plastic Waste; E-Waste; Circular Economy; Digital Public Infrastructure,Official Recykal pages,https://www.recykal.com/about-us,Verified - official source,Published digitally enabled waste-management and traceability capabilities.
Tata Power,Energy Utility / Smart Grid,Mumbai,Maharashtra,Smart grids; smart metering; power distribution; renewable energy; EV charging; energy analytics; grid monitoring; demand response,Smart meters; distribution management systems; GIS; analytics platforms; EV charging infrastructure; renewable and storage systems,Energy; Smart Grids; Renewable Energy; EV Mobility; Public Utilities; Energy Efficiency,Official Tata Power smart-grid pages,https://www.tatapower.com/energy-solutions/distribution/mumbai,Verified - official source,"Published smart metering, monitoring, analytics, GIS, renewable energy and EV infrastructure capabilities."
Mahindra Lifespaces,Sustainable Urban Infrastructure / Real Estate,Mumbai,Maharashtra,Sustainable urban development; industrial clusters; wastewater treatment; solid waste management; rainwater harvesting; smart infrastructure,Sewage treatment plants; organic waste converters; rainwater harvesting; green infrastructure; industrial-cluster infrastructure,Urban Infrastructure; Water Management; Waste Management; Climate Resilience; Sustainable Buildings; Mobility,Official Mahindra Group / Mahindra Lifespaces project page,https://www.mahindra.com/news-room/press-release/en/origins-by-mahindra-world-city-chennai-announces-the-inauguration-of-on-site-yanmar-group-s-first-diesel-engine-manufacturing-facility-in-india,Verified - official source,Published sustainable urban and industrial infrastructure capabilities.
Bharat Electronics Limited (BEL),Electronics / Smart City Technology,Bengaluru,Karnataka,IoT platforms; integrated command centers; smart traffic; smart water; solid waste management; environmental sensing; surveillance,Cloud-deployable IoT platform; command and control systems; environment sensors; smart-city application integrations,Traffic & Mobility; Water Management; Waste Management; Environment; Public Safety; Emergency Response; Smart Infrastructure,Official BEL Smart City Platform,https://bel-india.in/software/software-products/smart-city-platform-product/,Verified - official source,"Official smart-city platform lists water, waste, environment, traffic, mobility and emergency-response integrations."
Johnson Controls,Smart Buildings / Building Technology,Pune,Maharashtra,Smart buildings; HVAC; energy management; building automation; sustainability; indoor environment monitoring; digital building systems,Building automation; energy-management systems; HVAC controls; smart-building platforms; sustainability solutions,Buildings; Energy Efficiency; Climate Action; Public Facilities; Urban Infrastructure,Official Johnson Controls India net-zero buildings initiative,https://www.johnsoncontrols.com/media-center/news/press-releases/2024/03/06/mahindra-group-and-johnson-controls-launch-net-zero-buildings-initiative,Verified - official source,Published smart and sustainable building capabilities relevant to urban/public infrastructure.
"Signify","Lighting / Smart City Technology","New Delhi","Delhi","Smart street lighting; connected lighting; LED lighting; lighting asset management; remote fault detection; IoT lighting; adaptive lighting; energy optimisation; solar lighting","Interact City; Outdoor Lighting Management System; connected streetlight monitoring; fault alerts; lighting control; outdoor multisensors","Street Lighting; Public Safety; Energy Efficiency; Smart Cities; Urban Infrastructure; Road Safety","Official Signify India street-lighting and smart-city pages","https://www.signify.com/en-in/applications/residential-streets","VERIFIED","Official material documents connected street-lighting, remote monitoring, fault alerts, adaptive lighting and energy optimisation; Signify also documents a Pune street-lighting deployment."
"Ashoka Buildcon","Infrastructure / EPC","Nashik","Maharashtra","Road construction; highway engineering; bridge construction; EPC; infrastructure development; road maintenance; electrical works; street-light works","EPC infrastructure projects; road and bridge construction; highway projects; allied electrical works","Roads; Bridges; Urban Infrastructure; Street Lighting; Mobility; Construction","Official Ashoka Buildcon EPC project and investor materials","https://www.ashokabuildcon.com/epc-projects.php","VERIFIED","Official project material documents road, bridge and infrastructure EPC work; company investor material also documents allied electrical works including street lights."
"Afcons Infrastructure","Infrastructure / EPC","Mumbai","Maharashtra","Infrastructure engineering; construction; roads; bridges; tunnels; metro; marine infrastructure; urban infrastructure; EPC","Infrastructure construction; engineering and project execution capabilities","Roads; Bridges; Urban Infrastructure; Construction; Mobility; Tunnels; Infrastructure Safety","Official Afcons Infrastructure website","https://afcons.com/","VERIFIED","Infrastructure engineering and construction company; use primarily for infrastructure/construction matching rather than legal enforcement of illegal construction."
"NCC Limited","Infrastructure / Construction","Hyderabad","Telangana","Infrastructure construction; buildings; roads; water and environment; electrical transmission; transportation infrastructure; urban infrastructure","Construction and infrastructure project capabilities","Illegal Construction Assessment; Building Infrastructure; Roads; Water Management; Urban Infrastructure; Electrical Infrastructure","Official NCC Limited company information","https://www.ncclimited.com/","VERIFIED","Use for engineering/construction capability matching; not as a legal authority for declaring construction illegal."
"J Kumar Infraprojects","Infrastructure / EPC","Mumbai","Maharashtra","Roads; metro rail; flyovers; bridges; urban infrastructure; EPC; civil construction","Urban infrastructure construction; metro and road projects; bridges and flyovers","Roads; Bridges; Metro; Traffic & Mobility; Urban Infrastructure; Construction","Official J Kumar Infraprojects company information","https://www.jkumar.com/","VERIFIED","Infrastructure/EPC capability suitable for road, bridge, metro and urban infrastructure challenges."
"KEC International","Infrastructure / EPC","Mumbai","Maharashtra","Power transmission; distribution; railways; civil infrastructure; urban infrastructure; electrical systems; EPC","Transmission and distribution infrastructure; railway and civil infrastructure","Street Lighting; Electrical Infrastructure; Energy; Railways; Urban Infrastructure; Smart Infrastructure","Official KEC International company information","https://www.kecrpg.com/","VERIFIED","Use for electrical infrastructure and broader infrastructure matching; do not infer specific street-lighting service without project-specific evidence."
"Bajaj Electricals","Electrical / Lighting Technology","Mumbai","Maharashtra","Electrical products; LED lighting; outdoor lighting; street lighting; smart lighting; energy-efficient lighting","LED lighting systems; outdoor lighting systems; lighting infrastructure","Street Lighting; Public Lighting; Energy Efficiency; Urban Infrastructure; Smart Lighting","Official Bajaj Electricals information","https://www.bajajelectricals.com/","VERIFIED","Include only capabilities explicitly documented by the company's current product/solution material."
"Schneider Electric","Industrial Technology / Energy & Automation","Gurugram","Haryana","Electrical infrastructure; automation; energy management; IoT; building management; water automation; SCADA; asset monitoring","EcoStruxure; automation and control; electrical systems; connected devices; analytics","Street Lighting; Energy; Electrical Infrastructure; Smart Infrastructure; Water Management; Buildings","Official Schneider Electric India information","https://www.se.com/in/","VERIFIED","Your existing CSV already contains Schneider; do not add this row if it is already present. Instead expand its expertise only if your current record lacks relevant electrical/smart-infrastructure terms."
"Siemens Limited","Industrial Technology / Smart Infrastructure","Mumbai","Maharashtra","Smart infrastructure; electrical systems; building automation; mobility; energy management; IoT; digital infrastructure","Smart infrastructure systems; automation; digital platforms; electrical systems","Street Lighting; Electrical Infrastructure; Energy; Mobility; Buildings; Urban Infrastructure","Official Siemens India information","https://www.siemens.com/in/en.html","VERIFIED","Your existing CSV already contains Siemens; do not create a duplicate. Expand the existing record if needed."